{
	"id": "e7880bc4-0384-4c3b-877e-bc86b33b07e5",
	"name": "Boticario.CashBack",
	"values": [
		{
			"key": "server",
			"value": "localhost:17600",
			"enabled": true
		},
		{
			"key": "token",
			"value": "",
			"enabled": true
		},
		{
			"key": "currentToken",
			"value": "",
			"enabled": true
		},
		{
			"key": "userId",
			"value": "",
			"enabled": true
		},
		{
			"key": "userToken",
			"value": "",
			"enabled": true
		},
		{
			"key": "idpurchaseDelete",
			"value": "",
			"enabled": true
		},
		{
			"key": "idPurchaseUser",
			"value": "",
			"enabled": true
		},
		{
			"key": "idPurchaseUserUpadate",
			"value": "",
			"enabled": true
		},
		{
			"key": "userTokenApproved",
			"value": "",
			"enabled": true
		},
		{
			"key": "userIdPreApproved",
			"value": "",
			"enabled": true
		}
	],
	"_postman_variable_scope": "environment",
	"_postman_exported_at": "2020-08-16T06:54:00.620Z",
	"_postman_exported_using": "Postman/7.30.1"
}